decade,Rating
2000,6.997000000000001
2010,6.65475
